timestamp,acc_x,acc_y,acc_z,prediction
2025-12-23T23:43:38.153735,-0.2956837406325154,-0.5764053283242508,-9.859770764812826,still
2025-12-23T23:43:38.270710,-0.2693475041044876,-0.553361137345247,-9.813682382854818,still
2025-12-23T23:43:38.484515,-0.26785114633319895,-0.550817334613949,-9.717765263366699,still
2025-12-23T23:43:38.703851,-1.0034695333509704,-0.4510090163735673,-9.813832020458578,still
2025-12-23T23:43:38.905114,-0.3335419447858818,-0.6003473449258133,-9.758615744671225,still
2025-12-23T23:43:39.120517,-0.9074022100035101,-0.9445137970406562,-11.379340630993246,still
2025-12-23T23:43:39.351209,-5.3736362808778875,-2.0415075816601513,-6.669347415050864,walk
2025-12-23T23:43:39.557403,1.3314758366458117,-0.5475254534617066,-9.802758837780356,walk
2025-12-23T23:43:39.768193,-5.19392093424052,-1.7366957828015088,-16.596304879429937,walk
2025-12-23T23:43:39.975878,0.7426523407751694,-3.8262352817028757,-3.6242196943216025,walk
2025-12-23T23:43:40.196672,-26.512939541106668,-3.228882552015781,-11.697169440074264,walk
2025-12-23T23:43:40.424592,20.69757466136515,7.829936669811606,-13.356501266557723,walk
2025-12-23T23:43:40.619182,15.215601632148026,-1.8185457984924316,17.01020745986551,walk
2025-12-23T23:43:40.826418,-36.118926683508604,-12.957570775935054,10.611103730573877,walk
2025-12-23T23:43:41.033477,6.3823448291271925,10.552741923302412,-13.247265085160732,walk
2025-12-23T23:43:41.233687,-7.850735931408033,-18.488026973292232,-6.167161863267421,walk
2025-12-23T23:43:41.443290,15.929972721540928,17.138592724499105,-19.835510088017582,walk
2025-12-23T23:43:41.560056,-12.099845784428062,-11.37590071967244,-1.6650152789473533,walk
2025-12-23T23:43:41.766657,-22.60231055057943,6.812099935472011,-7.433994108958542,walk
2025-12-23T23:43:41.986822,23.0950679104127,13.293801795408129,-13.757678659324347,walk
2025-12-23T23:43:42.195136,7.123199728558957,7.117513207355141,11.53631376527287,walk
2025-12-23T23:43:42.398746,-18.331653923797607,-23.045838746210933,13.746910085615887,walk
2025-12-23T23:43:42.605293,4.258388005507644,6.533176026585698,-11.286265456932782,walk
2025-12-23T23:43:42.814381,-5.280710452160239,-2.2261598001778125,-14.395436756896972,walk
2025-12-23T23:43:43.035637,-5.0281221770137545,1.6038148141838608,-7.2168725762516255,walk
2025-12-23T23:43:43.247603,-1.5720918294164583,-0.2295451070807874,-12.587814503479002,walk
2025-12-23T23:43:43.457387,-0.11447192434271564,-0.5216376365546137,-9.885957345470786,walk
2025-12-23T23:43:43.661692,-0.07302230353468331,-0.5565032712958753,-9.728837861523031,walk
2025-12-23T23:43:43.856294,-0.09352266209963708,-0.5386963964484631,-9.72240402908325,still
2025-12-23T23:43:44.061763,-0.09591686375979333,-0.5346561811469495,-9.741408004760741,still
2025-12-23T23:43:44.273072,-0.09546796008166857,-0.5433351621650159,-9.737966339874268,still
2025-12-23T23:43:44.489867,-0.09337302449587732,-0.5325612546943128,-9.722703304290771,still
2025-12-23T23:43:44.704493,-0.08873426334590184,-0.5360029195807874,-9.72240402908325,still
2025-12-23T23:43:44.927644,-0.30645698594951537,-0.5116119901679456,-12.32160920639038,walk
2025-12-23T23:43:45.027520,-0.08349694721431006,-0.5246304616950452,-9.74245546798706,still
2025-12-23T23:43:45.242690,-0.891390280865028,0.6402984491131559,-11.642104847717285,still
2025-12-23T23:43:45.494464,-2.1899457465022802,-1.754052868054807,-9.807098328289388,walk
2025-12-23T23:43:45.697264,-3.144932568370923,-7.846997694727778,-7.502379955181479,walk
2025-12-23T23:43:45.908105,-2.8284499862670898,-3.473390396559238,-2.68195301862061,walk
2025-12-23T23:43:46.118270,0.6385036552429199,-4.357449359571934,-7.93961957206279,walk
2025-12-23T23:43:46.328783,-13.042115437537431,-11.323978224733471,3.6812373204424973,walk
2025-12-23T23:43:46.538904,2.1220120279610155,-0.8288426872253417,-4.1907483928084375,walk
2025-12-23T23:43:46.746398,-1.5568293372556565,-6.0811237482368945,2.535312696980685,walk
2025-12-23T23:43:46.950190,-11.11493215419352,-8.93695741599202,7.5106141881067305,walk
2025-12-23T23:43:47.159871,-1.040279744555056,-3.45363647929728,0.06704115361571311,walk
2025-12-23T23:43:47.362461,-2.4148516494750973,-6.091449327418208,4.810702830404043,walk
2025-12-23T23:43:47.583552,-12.674305038452149,-9.933992185321449,12.499831099599598,walk
2025-12-23T23:43:47.790111,-3.74079104091227,-3.5726007123738523,-0.92071608428061,walk
2025-12-23T23:43:48.007081,-0.5150535089239477,-3.424758759859204,5.4441205606848,walk
2025-12-23T23:43:48.212795,-2.4491192452579735,-5.857714805823564,3.6643279789566994,walk
2025-12-23T23:43:48.427427,2.032078659057617,1.792207242143154,-19.12847299477458,walk
2025-12-23T23:43:48.649692,-8.37506683020119,-6.684313513514399,-4.5034927382320165,walk
2025-12-23T23:43:48.856801,-9.595810470172017,-4.032734718233626,-13.712041820526123,walk
2025-12-23T23:43:49.066453,7.232584597711637,7.339274236430972,-8.015786573681234,walk
2025-12-23T23:43:49.270920,-7.556250332785211,-6.840983646259456,-15.976806368908285,walk
2025-12-23T23:43:49.493269,0.49784559091695113,-9.1865535235852,-12.98285631610006,walk
2025-12-23T23:43:49.706572,-16.699405772942303,-11.153988153296709,13.704564031991362,walk
2025-12-23T23:43:49.909062,0.04174947597086429,-3.2950206193119285,-1.2439346235759556,walk
2025-12-23T23:43:50.123174,6.193052566251344,-1.3349176476627587,-16.76285007110983,walk
2025-12-23T23:43:50.342172,5.162947247170191,1.5834633694201707,8.200893257968128,walk
2025-12-23T23:43:50.553830,-3.1373022926881906,-7.464225873354077,-0.7552198171317577,walk
2025-12-23T23:43:50.758381,0.6343142407290637,-0.08978402356058358,-14.628421921429037,walk
2025-12-23T23:43:50.977465,-10.651204635620116,-2.2764380350410938,-33.37561947086751,walk
2025-12-23T23:43:51.182763,-0.3230671481259167,-0.007034209485724568,-0.9938923796504735,walk
2025-12-23T23:43:51.405885,0.19138695186646654,-0.7354701011208817,-8.654889363861084,walk
2025-12-23T23:43:51.618311,-0.190039300117176,-0.6060335373360664,-9.584438158416747,walk
2025-12-23T23:43:51.826891,-0.22699978824583814,-0.5985516936806962,-9.73572177581787,walk
2025-12-23T23:43:52.022093,-0.21996682086912914,-0.5707190628487616,-9.736469963836669,still
2025-12-23T23:43:52.239852,-0.2114374774548225,-0.5832886215645819,-9.728688223919272,still
2025-12-23T23:43:52.451395,-0.22176245384793727,-0.5779016678292304,-9.753528066143392,still
2025-12-23T23:43:52.660863,-0.22984290271727367,-0.5841864837197587,-9.733775902447103,still
